{
  "asl_qc_report": {
    "version": "0.2.0",
    "timestamp": "2026-04-07T22:36:15.126797",
    "input_file": "/Users/rizzler/Desktop/perfusion_study.nii",
    "shape": [
      91,
      109,
      91,
      14
    ],
    "n_volumes": 14,
    "voxel_sizes": [
      2.0,
      2.0,
      2.0
    ],
    "brain_coverage": 0.1864254306032711,
    "metrics": {
      "snr": 15.574986740653952,
      "spatial_cov": {
        "spatial_cov": 0.33419118788157487,
        "mean_signal": 42.64912743425378,
        "std_signal": 14.252962559365933
      },
      "negative_fraction": {
        "negative_fraction": 0.0,
        "n_negative": 0,
        "n_brain": 168273
      },
      "dvars": {
        "dvars_raw": [
          20.324539985298852,
          15.83118225601879,
          17.465725332351667,
          18.112311873803172,
          23.39615392570649,
          23.66603247110072,
          25.96316767801431,
          19.296053630030283,
          16.444916696081762,
          18.891999443961755,
          19.24501849742262,
          32.83267289981853,
          25.574695761969732
        ],
        "dvars_std": [
          0.4765523050062482,
          0.37119592377179395,
          0.4095212817489911,
          0.4246818859711585,
          0.5485728626399938,
          0.5549007422856036,
          0.6087619897508598,
          0.45243724293718135,
          0.3855862402210362,
          0.4429633284546072,
          0.451240615111997,
          0.7698322304584565,
          0.5996534349124653
        ],
        "mean_dvars": 21.311113111659896,
        "median_dvars": 19.296053630030283,
        "mad_dvars": 2.8511369339485206,
        "n_spikes": 1,
        "spike_fraction": 0.07692307692307693,
        "spike_indices": [
          11
        ]
      },
      "histogram": {
        "skewness": 0.8180620920545537,
        "kurtosis": 0.8784370368932004,
        "p10": 26.913611221313477,
        "p90": 63.304961395263675,
        "distribution_width": 36.3913501739502,
        "upper_tail": 0.03672009175565896,
        "lower_tail": 0.0,
        "modality": "unimodal",
        "n_peaks": 1,
        "counts": [
          4398,
          4445,
          4615,
          4428,
          4783,
          4731,
          4952,
          4946,
          5121,
          5024,
          5199,
          5237,
          5256,
          5230,
          5186,
          5207,
          5162,
          4957,
          4793,
          4725,
          4628,
          4488,
          4373,
          4053,
          3959,
          3716,
          3523,
          3420,
          3317,
          3064,
          3022,
          2717,
          2579,
          2367,
          2208,
          2015,
          1823,
          1590,
          1504,
          1395,
          1207,
          1030,
          917,
          852,
          725,
          700,
          603,
          486,
          457,
          433,
          316,
          298,
          250,
          227,
          190,
          161,
          168,
          138,
          104,
          106,
          75,
          73,
          68,
          45,
          48,
          40,
          31,
          42,
          44,
          33,
          25,
          26,
          22,
          23,
          19,
          11,
          10,
          11,
          13,
          16,
          8,
          7,
          6,
          6,
          3,
          3,
          3,
          1,
          1,
          2,
          5,
          1,
          3,
          3,
          2,
          2,
          2,
          1,
          2,
          1,
          3,
          0,
          1,
          0,
          1,
          1,
          0,
          2,
          1,
          0,
          0,
          0,
          1,
          0,
          0,
          0,
          0,
          0,
          1,
          0,
          0,
          0,
          0,
          0,
          0,
          0,
          0,
          1
        ],
        "bin_edges": [
          22.64407730102539,
          23.779847234487534,
          24.915617167949677,
          26.05138710141182,
          27.187157034873962,
          28.322926968336105,
          29.45869690179825,
          30.59446683526039,
          31.730236768722534,
          32.86600670218468,
          34.00177663564682,
          35.13754656910896,
          36.273316502571106,
          37.40908643603325,
          38.54485636949539,
          39.680626302957535,
          40.81639623641968,
          41.95216616988182,
          43.087936103343964,
          44.22370603680611,
          45.35947597026825,
          46.49524590373039,
          47.631015837192535,
          48.76678577065468,
          49.90255570411682,
          51.038325637578964,
          52.17409557104111,
          53.30986550450325,
          54.44563543796539,
          55.581405371427536,
          56.71717530488968,
          57.85294523835182,
          58.988715171813965,
          60.12448510527611,
          61.26025503873825,
          62.396024972200394,
          63.53179490566254,
          64.66756483912468,
          65.80333477258682,
          66.93910470604897,
          68.07487463951111,
          69.21064457297325,
          70.3464145064354,
          71.48218443989754,
          72.61795437335968,
          73.75372430682182,
          74.88949424028397,
          76.02526417374611,
          77.16103410720825,
          78.2968040406704,
          79.43257397413254,
          80.56834390759468,
          81.70411384105682,
          82.83988377451897,
          83.97565370798111,
          85.11142364144325,
          86.2471935749054,
          87.38296350836754,
          88.51873344182968,
          89.65450337529182,
          90.79027330875397,
          91.92604324221611,
          93.06181317567825,
          94.1975831091404,
          95.33335304260254,
          96.46912297606468,
          97.60489290952682,
          98.74066284298897,
          99.87643277645111,
          101.01220270991325,
          102.1479726433754,
          103.28374257683754,
          104.41951251029968,
          105.55528244376183,
          106.69105237722397,
          107.82682231068611,
          108.96259224414825,
          110.0983621776104,
          111.23413211107254,
          112.36990204453468,
          113.50567197799683,
          114.64144191145897,
          115.77721184492111,
          116.91298177838326,
          118.0487517118454,
          119.18452164530754,
          120.32029157876968,
          121.45606151223183,
          122.59183144569397,
          123.72760137915611,
          124.86337131261826,
          125.9991412460804,
          127.13491117954254,
          128.27068111300468,
          129.40645104646683,
          130.54222097992897,
          131.6779909133911,
          132.81376084685326,
          133.9495307803154,
          135.08530071377754,
          136.22107064723969,
          137.35684058070183,
          138.49261051416397,
          139.6283804476261,
          140.76415038108826,
          141.8999203145504,
          143.03569024801254,
          144.17146018147469,
          145.30723011493683,
          146.44300004839897,
          147.57876998186111,
          148.71453991532326,
          149.8503098487854,
          150.98607978224754,
          152.1218497157097,
          153.25761964917183,
          154.39338958263397,
          155.52915951609612,
          156.66492944955826,
          157.8006993830204,
          158.93646931648254,
          160.0722392499447,
          161.20800918340683,
          162.34377911686897,
          163.47954905033112,
          164.61531898379326,
          165.7510889172554,
          166.88685885071754,
          168.0226287841797
        ],