{
  "asl_qc_report": {
    "version": "0.2.0",
    "timestamp": "2026-04-07T14:20:54.372280",
    "input_file": "/Users/rizzler/Desktop/sub-Sub4_asl.nii",
    "shape": [
      80,
      80,
      20,
      70
    ],
    "n_volumes": 70,
    "voxel_sizes": [
      3.0,
      3.0,
      6.0
    ],
    "brain_coverage": 0.1602734375,
    "coverage": {
      "implemented": [
        "snr",
        "spatial_cov",
        "negative_fraction",
        "dvars",
        "histogram",
        "consistency_checks",
        "anomaly_scoring",
        "normalization"
      ],
      "planned": [
        "qei_dolui",
        "control_label_check",
        "m0_validation",
        "tissue_mask_quality"
      ],
      "score": "8/12"
    },
    "metrics": {
      "snr": 13.140318160107682,
      "spatial_cov": {
        "spatial_cov": 0.29498433301871924,
        "mean_signal": 571422.8457953244,
        "std_signal": 168560.78703859224
      },
      "negative_fraction": {
        "negative_fraction": 0.0,
        "n_negative": 0,
        "n_brain": 20515
      },
      "dvars": {
        "dvars_raw": [
          11280.517130352171,
          7120.468923110086,
          9427.025263230962,
          12352.631735712024,
          12339.452959669052,
          9335.912579325572,
          11107.577852527244,
          10761.688133221103,
          9295.202200671318,
          9540.86715232669,
          10390.87042329403,
          10946.888014101589,
          13156.819850882384,
          13193.333791569523,
          11766.228766612472,
          12925.608159539242,
          11459.967518807498,
          14253.01320505067,
          9755.52480012795,
          13371.172111647447,
          12780.89040545494,
          9487.26665122935,
          12367.838120040891,
          13403.221454374196,
          12193.619365032728,
          12980.66972711739,
          13638.835339462046,
          11046.054075071545,
          12728.990103662658,
          13246.593539661471,
          18919.138031852584,
          13601.63677147962,
          23457.767442622477,
          9171.607155319434,
          25956.63003356431,
          8996.461674360104,
          13163.62853744214,
          8495.714551540479,
          9071.949294115642,
          10166.175052833534,
          11183.207484906026,
          9566.100977678541,
          12730.416271585425,
          11087.350954093694,
          12743.015137531238,
          14772.814735417496,
          12594.35258829711,
          11147.8918991917,
          12268.784075753509,
          15341.251563967466,
          14124.555037820735,
          15758.034067130893,
          13965.706812674563,
          16509.477092065397,
          12367.459833053415,
          12459.662175281665,
          12057.335291758674,
          12249.23127746751,
          12854.915755371021,
          13278.587401240431,
          12332.238732053112,
          11774.249801164493,
          13311.690589639891,
          15777.552669864024,
          14558.693211642008,
          13901.42445559084,
          20436.204911270343,
          10764.393095651165,
          7590.435478727189
        ],
        "dvars_std": [
          0.019741102781166527,
          0.0124609454723491,
          0.01649745951285887,
          0.021617322139998167,
          0.02159425905083408,
          0.016338010718370127,
          0.019438456012495203,
          0.0188331429385583,
          0.016266766841871647,
          0.016696684814985666,
          0.01818420544392426,
          0.01915724597756564,
          0.023024665442926605,
          0.0230885654793984,
          0.02059110666154039,
          0.022620040928795857,
          0.020055144107612905,
          0.024943023034392116,
          0.01707233946264417,
          0.02339978565791682,
          0.022366782321533,
          0.016602882998184423,
          0.02164393357921653,
          0.02345587256967153,
          0.021339047703039002,
          0.022716399637558213,
          0.02386820100004767,
          0.01933078832313275,
          0.022275955883328476,
          0.023181770972465134,
          0.033108823301456085,
          0.02380310285380423,
          0.04105150435484114,
          0.01605047334527569,
          0.04542455770636375,
          0.015743965682433546,
          0.023036580763796003,
          0.0148676494369347,
          0.015876070340675678,
          0.017790984605601357,
          0.019570809195318194,
          0.016740844451824707,
          0.02227845170220107,
          0.019403058585559293,
          0.022300499938526445,
          0.025852684827216216,
          0.022040337870579695,
          0.01950900630106189,
          0.021470587264808123,
          0.02684745924467725,
          0.024718218989235076,
          0.02757683593346423,
          0.024440231809837162,
          0.02889187440359859,
          0.021643271570355213,
          0.021804627286016037,
          0.021100548185078064,
          0.021436369524950726,
          0.02249632798191529,
          0.023237760791238356,
          0.021581634026005228,
          0.020605143612654687,
          0.02329569195139942,
          0.027610993830504495,
          0.025477968406003713,
          0.024327736557754175,
          0.03576371694209493,
          0.01883787667024223,
          0.013283395185508518
        ],
        "mean_dvars": 12582.06509095516,
        "median_dvars": 12367.459833053415,
        "mad_dvars": 1271.3755064086308,
        "n_spikes": 5,
        "spike_fraction": 0.07246376811594203,
        "spike_indices": [
          30,
          32,
          34,
          53,
          66
        ]
      },
      "histogram": {
        "skewness": 0.4254956547532258,
        "kurtosis": -0.4982360501082228,
        "p10": 358511.6228027344,
        "p90": 809970.7033691406,
        "distribution_width": 451459.08056640625,
        "upper_tail": 0.030221788934925664,
        "lower_tail": 0.0,
        "modality": "unimodal",
        "n_peaks": 1,
        "counts": [
          269,
          222,
          239,
          258,
          276,
          264,
          259,
          249,
          298,
          299,
          274,
          284,
          279,
          329,
          287,
          280,
          298,
          328,
          315,
          267,
          285,
          249,
          340,
          325,
          293,
          308,
          297,
          341,
          333,
          307,
          306,
          318,
          359,
          308,
          320,
          303,
          375,
          336,
          286,
          273,
          278,
          290,
          269,
          272,
          266,
          326,
          280,
          237,
          268,
          229,
          285,
          262,
          248,
          268,
          262,
          180,
          176,
          212,
          201,
          213,
          179,
          203,
          198,
          176,
          200,
          137,
          164,
          136,
          183,
          142,
          163,
          134,
          110,
          145,
          114,
          103,
          96,
          96,
          68,
          78,
          67,
          92,
          76,
          65,
          56,
          55,
          45,
          34,
          28,
          35,
          25,
          33,
          18,
          31,
          22,
          23,
          15,
          16,
          11,
          10,
          14,
          11,
          6,
          5,
          5,
          6,
          5,
          1,
          4,
          6,
          1,
          1,
          1,
          1,
          1,
          0,
          2,
          0,
          0,
          2,
          2,
          0,
          0,
          0,
          0,
          0,
          0,
          1
        ],